{
  "hash": "5d137889",
  "configHash": "9a144f50",
  "lockfileHash": "2874e3ce",
  "browserHash": "93e8822f",
  "optimized": {
    "@angular/cdk/bidi": {
      "src": "../../../../../../node_modules/@angular/cdk/fesm2022/bidi.mjs",
      "file": "@angular_cdk_bidi.js",
      "fileHash": "ac009429",
      "needsInterop": false
    },
    "@angular/cdk/scrolling": {
      "src": "../../../../../../node_modules/@angular/cdk/fesm2022/scrolling.mjs",
      "file": "@angular_cdk_scrolling.js",
      "fileHash": "ab8ceb48",
      "needsInterop": false
    },
    "@angular/cdk/text-field": {
      "src": "../../../../../../node_modules/@angular/cdk/fesm2022/text-field.mjs",
      "file": "@angular_cdk_text-field.js",
      "fileHash": "862080ae",
      "needsInterop": false
    },
    "@angular/common": {
      "src": "../../../../../../node_modules/@angular/common/fesm2022/common.mjs",
      "file": "@angular_common.js",
      "fileHash": "75d86b15",
      "needsInterop": false
    },
    "@angular/core": {
      "src": "../../../../../../node_modules/@angular/core/fesm2022/core.mjs",
      "file": "@angular_core.js",
      "fileHash": "ba7d686a",
      "needsInterop": false
    },
    "@angular/forms": {
      "src": "../../../../../../node_modules/@angular/forms/fesm2022/forms.mjs",
      "file": "@angular_forms.js",
      "fileHash": "fe602dc7",
      "needsInterop": false
    },
    "@angular/material/button": {
      "src": "../../../../../../node_modules/@angular/material/fesm2022/button.mjs",
      "file": "@angular_material_button.js",
      "fileHash": "a63fb4ab",
      "needsInterop": false
    },
    "@angular/material/form-field": {
      "src": "../../../../../../node_modules/@angular/material/fesm2022/form-field.mjs",
      "file": "@angular_material_form-field.js",
      "fileHash": "e1e1daaf",
      "needsInterop": false
    },
    "@angular/material/icon": {
      "src": "../../../../../../node_modules/@angular/material/fesm2022/icon.mjs",
      "file": "@angular_material_icon.js",
      "fileHash": "76a02a2d",
      "needsInterop": false
    },
    "@angular/material/input": {
      "src": "../../../../../../node_modules/@angular/material/fesm2022/input.mjs",
      "file": "@angular_material_input.js",
      "fileHash": "dc9264d8",
      "needsInterop": false
    },
    "@angular/material/select": {
      "src": "../../../../../../node_modules/@angular/material/fesm2022/select.mjs",
      "file": "@angular_material_select.js",
      "fileHash": "b6b8bc2e",
      "needsInterop": false
    },
    "@angular/material/stepper": {
      "src": "../../../../../../node_modules/@angular/material/fesm2022/stepper.mjs",
      "file": "@angular_material_stepper.js",
      "fileHash": "9b380e3a",
      "needsInterop": false
    },
    "@angular/platform-browser": {
      "src": "../../../../../../node_modules/@angular/platform-browser/fesm2022/platform-browser.mjs",
      "file": "@angular_platform-browser.js",
      "fileHash": "c8b0e890",
      "needsInterop": false
    },
    "@angular/router": {
      "src": "../../../../../../node_modules/@angular/router/fesm2022/router.mjs",
      "file": "@angular_router.js",
      "fileHash": "046df7cb",
      "needsInterop": false
    },
    "@angular/material/tabs": {
      "src": "../../../../../../node_modules/@angular/material/fesm2022/tabs.mjs",
      "file": "@angular_material_tabs.js",
      "fileHash": "4a85c3c4",
      "needsInterop": false
    }
  },
  "chunks": {
    "chunk-JKRSZR5T": {
      "file": "chunk-JKRSZR5T.js"
    },
    "chunk-PFQKJQU3": {
      "file": "chunk-PFQKJQU3.js"
    },
    "chunk-6DJH4GJV": {
      "file": "chunk-6DJH4GJV.js"
    },
    "chunk-DBVCZQSR": {
      "file": "chunk-DBVCZQSR.js"
    },
    "chunk-ZKN67STP": {
      "file": "chunk-ZKN67STP.js"
    },
    "chunk-BPAYOHHU": {
      "file": "chunk-BPAYOHHU.js"
    },
    "chunk-QMBBKCFS": {
      "file": "chunk-QMBBKCFS.js"
    },
    "chunk-SSH4OQ24": {
      "file": "chunk-SSH4OQ24.js"
    },
    "chunk-AKYY6RA6": {
      "file": "chunk-AKYY6RA6.js"
    },
    "chunk-HVQJHHAI": {
      "file": "chunk-HVQJHHAI.js"
    },
    "chunk-MVYELHDN": {
      "file": "chunk-MVYELHDN.js"
    },
    "chunk-Q7A4N2NM": {
      "file": "chunk-Q7A4N2NM.js"
    },
    "chunk-XQILNZNH": {
      "file": "chunk-XQILNZNH.js"
    },
    "chunk-23BMPPZZ": {
      "file": "chunk-23BMPPZZ.js"
    },
    "chunk-EOFW2REK": {
      "file": "chunk-EOFW2REK.js"
    },
    "chunk-JW32MEVB": {
      "file": "chunk-JW32MEVB.js"
    },
    "chunk-GHPO5ONO": {
      "file": "chunk-GHPO5ONO.js"
    },
    "chunk-NNM43UGV": {
      "file": "chunk-NNM43UGV.js"
    },
    "chunk-2NAXZWWI": {
      "file": "chunk-2NAXZWWI.js"
    },
    "chunk-SWOJEWML": {
      "file": "chunk-SWOJEWML.js"
    }
  }
}