{
  "hash": "0fa80e6d",
  "configHash": "5d096a1b",
  "lockfileHash": "2874e3ce",
  "browserHash": "2a30dcaf",
  "optimized": {
    "@angular/cdk/bidi": {
      "src": "../../../../../../node_modules/@angular/cdk/fesm2022/bidi.mjs",
      "file": "@angular_cdk_bidi.js",
      "fileHash": "4a49c65b",
      "needsInterop": false
    },
    "@angular/cdk/scrolling": {
      "src": "../../../../../../node_modules/@angular/cdk/fesm2022/scrolling.mjs",
      "file": "@angular_cdk_scrolling.js",
      "fileHash": "f0f46b1f",
      "needsInterop": false
    },
    "@angular/cdk/text-field": {
      "src": "../../../../../../node_modules/@angular/cdk/fesm2022/text-field.mjs",
      "file": "@angular_cdk_text-field.js",
      "fileHash": "04a3940a",
      "needsInterop": false
    },
    "@angular/common": {
      "src": "../../../../../../node_modules/@angular/common/fesm2022/common.mjs",
      "file": "@angular_common.js",
      "fileHash": "ff9d2d19",
      "needsInterop": false
    },
    "@angular/core": {
      "src": "../../../../../../node_modules/@angular/core/fesm2022/core.mjs",
      "file": "@angular_core.js",
      "fileHash": "367dfb35",
      "needsInterop": false
    },
    "@angular/forms": {
      "src": "../../../../../../node_modules/@angular/forms/fesm2022/forms.mjs",
      "file": "@angular_forms.js",
      "fileHash": "820d04e4",
      "needsInterop": false
    },
    "@angular/material/button": {
      "src": "../../../../../../node_modules/@angular/material/fesm2022/button.mjs",
      "file": "@angular_material_button.js",
      "fileHash": "8fb99ab3",
      "needsInterop": false
    },
    "@angular/material/form-field": {
      "src": "../../../../../../node_modules/@angular/material/fesm2022/form-field.mjs",
      "file": "@angular_material_form-field.js",
      "fileHash": "e0ce35fa",
      "needsInterop": false
    },
    "@angular/material/icon": {
      "src": "../../../../../../node_modules/@angular/material/fesm2022/icon.mjs",
      "file": "@angular_material_icon.js",
      "fileHash": "e1d5b022",
      "needsInterop": false
    },
    "@angular/material/input": {
      "src": "../../../../../../node_modules/@angular/material/fesm2022/input.mjs",
      "file": "@angular_material_input.js",
      "fileHash": "692151d8",
      "needsInterop": false
    },
    "@angular/material/select": {
      "src": "../../../../../../node_modules/@angular/material/fesm2022/select.mjs",
      "file": "@angular_material_select.js",
      "fileHash": "19dab1eb",
      "needsInterop": false
    },
    "@angular/material/stepper": {
      "src": "../../../../../../node_modules/@angular/material/fesm2022/stepper.mjs",
      "file": "@angular_material_stepper.js",
      "fileHash": "904c6681",
      "needsInterop": false
    },
    "@angular/platform-browser": {
      "src": "../../../../../../node_modules/@angular/platform-browser/fesm2022/platform-browser.mjs",
      "file": "@angular_platform-browser.js",
      "fileHash": "4881f074",
      "needsInterop": false
    },
    "@angular/platform-server/init": {
      "src": "../../../../../../node_modules/@angular/platform-server/fesm2022/init.mjs",
      "file": "@angular_platform-server_init.js",
      "fileHash": "6f9cb422",
      "needsInterop": false
    },
    "@angular/router": {
      "src": "../../../../../../node_modules/@angular/router/fesm2022/router.mjs",
      "file": "@angular_router.js",
      "fileHash": "b2452a9b",
      "needsInterop": false
    },
    "@angular/ssr": {
      "src": "../../../../../../node_modules/@angular/ssr/fesm2022/ssr.mjs",
      "file": "@angular_ssr.js",
      "fileHash": "c0e0055c",
      "needsInterop": false
    },
    "@angular/ssr/node": {
      "src": "../../../../../../node_modules/@angular/ssr/fesm2022/node.mjs",
      "file": "@angular_ssr_node.js",
      "fileHash": "75d28f78",
      "needsInterop": false
    },
    "express": {
      "src": "../../../../../../node_modules/express/index.js",
      "file": "express.js",
      "fileHash": "6784031a",
      "needsInterop": true
    },
    "@angular/material/tabs": {
      "src": "../../../../../../node_modules/@angular/material/fesm2022/tabs.mjs",
      "file": "@angular_material_tabs.js",
      "fileHash": "bd1c99a1",
      "needsInterop": false
    }
  },
  "chunks": {
    "chunk-C2USHZWR": {
      "file": "chunk-C2USHZWR.js"
    },
    "xhr2-E5RTESSH": {
      "file": "xhr2-E5RTESSH.js"
    },
    "chunk-HDRTJDGT": {
      "file": "chunk-HDRTJDGT.js"
    },
    "chunk-5AZEQBDA": {
      "file": "chunk-5AZEQBDA.js"
    },
    "chunk-BVX5IA73": {
      "file": "chunk-BVX5IA73.js"
    },
    "chunk-MPOGE7D6": {
      "file": "chunk-MPOGE7D6.js"
    },
    "chunk-EVWDVV6W": {
      "file": "chunk-EVWDVV6W.js"
    },
    "chunk-XOSJ67K4": {
      "file": "chunk-XOSJ67K4.js"
    },
    "chunk-ZFYUPFKG": {
      "file": "chunk-ZFYUPFKG.js"
    },
    "chunk-J3WCB7DD": {
      "file": "chunk-J3WCB7DD.js"
    },
    "chunk-Y5N6HXND": {
      "file": "chunk-Y5N6HXND.js"
    },
    "chunk-XVX2VRHI": {
      "file": "chunk-XVX2VRHI.js"
    },
    "chunk-RR3V6Y74": {
      "file": "chunk-RR3V6Y74.js"
    },
    "chunk-XY3RPBPW": {
      "file": "chunk-XY3RPBPW.js"
    },
    "chunk-RJVFE7XB": {
      "file": "chunk-RJVFE7XB.js"
    },
    "chunk-OGFYF32G": {
      "file": "chunk-OGFYF32G.js"
    },
    "chunk-KJJ3NM7W": {
      "file": "chunk-KJJ3NM7W.js"
    },
    "chunk-XIMC4YRX": {
      "file": "chunk-XIMC4YRX.js"
    },
    "chunk-YZRXDCC3": {
      "file": "chunk-YZRXDCC3.js"
    },
    "chunk-526RMYH5": {
      "file": "chunk-526RMYH5.js"
    },
    "chunk-KFZDAVZB": {
      "file": "chunk-KFZDAVZB.js"
    },
    "chunk-55FRCD3A": {
      "file": "chunk-55FRCD3A.js"
    },
    "chunk-SOVSN7UZ": {
      "file": "chunk-SOVSN7UZ.js"
    },
    "chunk-6DU2HRTW": {
      "file": "chunk-6DU2HRTW.js"
    }
  }
}